datetime,Unnamed: 0,Volcano_Number,Eruption_Number,Activity_Type,ExplosivityIndexMax,StartEvidenceMethod,StartDateYear,StartDateMonth,StartDateDay,EndDateYear,EndDateMonth,EndDateDay,StartDate,EndDate,EruptedVolume,DurationDays,DailyEruptedVolume,timeymd
19670716,29,257040,15274,Confirmed Eruption,2,Observations: Reported,1967,7,16,1970,8,29,1967-07-16,1970-08-29,5000000,1141,4382.120946538124,19670716
19691028,137,255060,15160,Confirmed Eruption,2,Observations: Reported,1969,10,28,1970,2,6,1969-10-28,1970-02-06,5000000,102,49019.60784313725,19691028
19700115,862,252120,15051,Confirmed Eruption,3,Observations: Reported,1970,1,15,1970,2,11,1970-01-15,1970-02-11,50000000,28,1785714.2857142857,19700115
19700509,47,257050,15308,Confirmed Eruption,2,Observations: Reported,1970,5,9,1972,8,7,1970-05-09,1972-08-07,5000000,822,6082.725060827251,19700509
19700520,104,252010,14995,Confirmed Eruption,2,Observations: Reported,1970,5,20,1970,9,22,1970-05-20,1970-09-22,5000000,126,39682.53968253968,19700520
19700521,121,255020,15137,Confirmed Eruption,2,Observations: Reported,1970,5,21,1971,8,16,1970-05-21,1971-08-16,5000000,453,11037.527593818984,19700521
19710126,105,252010,14996,Confirmed Eruption,2,Observations: Reported,1971,1,26,1972,7,5,1971-01-26,1972-07-05,5000000,527,9487.666034155598,19710126
19710203,30,257040,15275,Confirmed Eruption,2,Observations: Reported,1971,2,3,1971,11,5,1971-02-03,1971-11-05,5000000,276,18115.942028985508,19710203
19710222,52,257070,15344,Confirmed Eruption,2,Observations: Reported,1971,2,22,1971,2,22,1971-02-22,1971-02-22,5000000,1,5000000.0,19710222
19710512,7,257020,15224,Confirmed Eruption,2,Observations: Reported,1971,5,12,1971,5,13,1971-05-12,1971-05-13,5000000,2,2500000.0,19710512
19710906,630,256010,15201,Confirmed Eruption,2,Observations: Reported,1971,9,6,1971,12,11,1971-09-06,1971-12-11,5000000,97,51546.39175257732,19710906
19720415,31,257040,15276,Confirmed Eruption,3,Observations: Reported,1972,4,15,1972,8,15,1972-04-15,1972-08-15,50000000,123,406504.0650406504,19720415
19720702,119,255020,15138,Confirmed Eruption,2,Observations: Reported,1972,7,2,1995,7,2,1972-07-02,1995-07-02,5000000,8401,595.1672419950006,19720702
19721009,93,251070,14973,Confirmed Eruption,1,Observations: Reported,1972,10,9,1972,10,9,1972-10-09,1972-10-09,100000,1,100000.0,19721009
19730224,106,252010,14997,Confirmed Eruption,3,Observations: Reported,1973,2,24,2000,10,16,1973-02-24,2000-10-16,50000000,10097,4951.965930474398,19730224
19730415,32,257040,15277,Confirmed Eruption,3,Observations: Reported,1973,4,15,1976,10,14,1973-04-15,1976-10-14,50000000,1279,39093.04143862393,19730415
19730416,90,251050,14963,Confirmed Eruption,2,Observations: Reported,1973,4,16,1974,2,28,1973-04-16,1974-02-28,5000000,319,15673.98119122257,19730416
19731004,863,252120,15052,Confirmed Eruption,2,Observations: Reported,1973,10,4,1973,10,19,1973-10-04,1973-10-19,5000000,16,312500.0,19731004
19731009,8,257020,15225,Confirmed Eruption,2,Observations: Reported,1973,10,9,1974,1,21,1973-10-09,1974-01-21,5000000,105,47619.04761904762,19731009
19740116,48,257050,15309,Confirmed Eruption,2,Observations: Reported,1974,1,16,1974,10,7,1974-01-16,1974-10-07,5000000,265,18867.924528301886,19740116
19740214,683,251030,14946,Confirmed Eruption,2,Observations: Reported,1974,2,14,1974,8,8,1974-02-14,1974-08-08,5000000,176,28409.090909090908,19740214
19740304,679,251020,14927,Confirmed Eruption,3,Observations: Reported,1974,3,4,1999,11,9,1974-03-04,1999-11-09,50000000,9382,5329.354082285227,19740304
19741017,94,251070,14974,Confirmed Eruption,1,Observations: Reported,1974,10,17,1974,10,17,1974-10-17,1974-10-17,100000,1,100000.0,19741017
19741112,138,255060,15162,Confirmed Eruption,1,Observations: Reported,1974,11,12,1974,12,12,1974-11-12,1974-12-12,100000,31,3225.8064516129034,19741112
19741230,684,251030,14947,Confirmed Eruption,2,Observations: Reported,1974,12,30,1975,6,26,1974-12-30,1975-06-26,5000000,179,27932.96089385475,19741230
19750306,41,257050,15310,Confirmed Eruption,2,Observations: Reported,1975,3,6,1975,6,23,1975-03-06,1975-06-23,5000000,110,45454.545454545456,19750306
19750816,139,255060,15163,Confirmed Eruption,1,Observations: Reported,1975,8,16,1975,8,16,1975-08-16,1975-08-16,100000,1,100000.0,19750816
19760102,91,251050,14964,Confirmed Eruption,1,Observations: Reported,1976,1,2,1976,1,2,1976-01-02,1976-01-02,100000,1,100000.0,19760102
19760115,1,257020,15226,Confirmed Eruption,2,Observations: Reported,1976,1,15,1976,1,15,1976-01-15,1976-01-15,5000000,1,5000000.0,19760115
19760501,42,257050,15311,Confirmed Eruption,1,Observations: Reported,1976,5,1,1976,9,5,1976-05-01,1976-09-05,100000,128,781.25,19760501
19760824,132,255060,15164,Confirmed Eruption,1,Observations: Reported,1976,8,24,1976,10,13,1976-08-24,1976-10-13,100000,51,1960.7843137254902,19760824
19761127,328,258010,15362,Uncertain Eruption,1,unknown,1976,11,27,1976,11,27,1976-11-27,1976-11-27,100000,1,100000.0,19761127
19770120,23,257040,15278,Confirmed Eruption,2,Observations: Reported,1977,1,20,1977,1,28,1977-01-20,1977-01-28,5000000,9,555555.5555555555,19770120
19770222,133,255060,15165,Confirmed Eruption,1,Observations: Reported,1977,2,22,1977,2,22,1977-02-22,1977-02-22,100000,1,100000.0,19770222
19770413,2,257020,15227,Confirmed Eruption,2,Observations: Reported,1977,4,13,1977,4,13,1977-04-13,1977-04-13,5000000,1,5000000.0,19770413
19770717,134,255060,15166,Confirmed Eruption,1,Observations: Reported,1977,7,17,1977,7,22,1977-07-17,1977-07-22,100000,6,16666.666666666668,19770717
19770816,24,257040,15279,Confirmed Eruption,2,Observations: Reported,1977,8,16,1977,9,30,1977-08-16,1977-09-30,5000000,46,108695.65217391304,19770816
19780507,864,252120,15053,Confirmed Eruption,3,Observations: Reported,1978,5,7,1978,5,14,1978-05-07,1978-05-14,50000000,8,6250000.0,19780507
19780621,135,255060,15167,Confirmed Eruption,2,Observations: Reported,1978,6,21,1978,7,22,1978-06-21,1978-07-22,5000000,32,156250.0,19780621
19781122,43,257050,15312,Confirmed Eruption,2,Observations: Reported,1978,11,22,1979,3,16,1978-11-22,1979-03-16,5000000,115,43478.260869565216,19781122
19790112,685,251030,14948,Confirmed Eruption,2,Observations: Reported,1979,1,12,1979,8,9,1979-01-12,1979-08-09,5000000,210,23809.52380952381,19790112
19790126,25,257040,15280,Confirmed Eruption,2,Observations: Reported,1979,1,26,1979,2,18,1979-01-26,1979-02-18,5000000,24,208333.33333333334,19790126
19790606,26,257040,15281,Confirmed Eruption,2,Observations: Reported,1979,6,6,1979,9,16,1979-06-06,1979-09-16,5000000,103,48543.68932038835,19790606
19790702,44,257050,15313,Confirmed Eruption,2,Observations: Reported,1979,7,2,1979,9,12,1979-07-02,1979-09-12,5000000,73,68493.1506849315,19790702
19800107,686,251030,14949,Uncertain Eruption,1,unknown,1980,1,7,1980,1,17,1980-01-07,1980-01-17,100000,11,9090.90909090909,19800107
19800415,45,257050,15314,Confirmed Eruption,3,Observations: Reported,1980,4,15,1980,8,20,1980-04-15,1980-08-20,50000000,128,390625.0,19800415
19800516,27,257040,15282,Confirmed Eruption,3,Observations: Reported,1980,5,16,1980,8,18,1980-05-16,1980-08-18,50000000,95,526315.7894736842,19800516
19800702,3,257020,15228,Confirmed Eruption,1,Observations: Reported,1980,7,2,1980,7,2,1980-07-02,1980-07-02,100000,1,100000.0,19800702
19801006,865,252120,15054,Confirmed Eruption,3,Observations: Reported,1980,10,6,1980,10,7,1980-10-06,1980-10-07,50000000,2,25000000.0,19801006
19801007,136,255060,15168,Confirmed Eruption,1,Observations: Reported,1980,10,7,1981,2,25,1980-10-07,1981-02-25,100000,142,704.2253521126761,19801007
19810220,28,257040,15283,Confirmed Eruption,2,Observations: Reported,1981,2,20,1981,9,30,1981-02-20,1981-09-30,5000000,223,22421.52466367713,19810220
19810709,4,257020,15229,Confirmed Eruption,1,Observations: Reported,1981,7,9,1981,7,9,1981-07-09,1981-07-09,100000,1,100000.0,19810709
19820407,127,255060,15170,Confirmed Eruption,2,Observations: Reported,1982,4,7,1982,6,2,1982-04-07,1982-06-02,5000000,57,87719.29824561403,19820407
19820418,5,257020,15230,Confirmed Eruption,2,Observations: Reported,1982,4,18,1982,4,18,1982-04-18,1982-04-18,5000000,1,5000000.0,19820418
19821024,46,257050,15315,Confirmed Eruption,2,Observations: Reported,1982,10,24,1982,10,25,1982-10-24,1982-10-25,5000000,2,2500000.0,19821024
19830702,17,257040,15284,Confirmed Eruption,2,Observations: Reported,1983,7,2,1983,7,2,1983-07-02,1983-07-02,5000000,1,5000000.0,19830702
19831106,866,252120,15055,Confirmed Eruption,1,Observations: Reported,1983,11,6,1984,3,13,1983-11-06,1984-03-13,100000,129,775.1937984496124,19831106
19840603,631,256010,15202,Confirmed Eruption,2,Observations: Reported,1984,6,3,1985,6,13,1984-06-03,1985-06-13,5000000,376,13297.872340425532,19840603
19840702,18,257040,15285,Confirmed Eruption,2,Observations: Reported,1984,7,2,1986,3,8,1984-07-02,1986-03-08,5000000,615,8130.081300813008,19840702
19840823,867,252120,15056,Confirmed Eruption,1,Observations: Reported,1984,8,23,1984,9,11,1984-08-23,1984-09-11,100000,20,5000.0,19840823
19841230,856,252120,15057,Confirmed Eruption,1,Observations: Reported,1984,12,30,1985,1,27,1984-12-30,1985-01-27,100000,29,3448.2758620689656,19841230
19851117,857,252120,15058,Confirmed Eruption,3,Observations: Reported,1985,11,17,1985,11,22,1985-11-17,1985-11-22,50000000,6,8333333.333333333,19851117
19851209,128,255060,15171,Confirmed Eruption,1,Observations: Reported,1985,12,9,1986,2,28,1985-12-09,1986-02-28,100000,82,1219.5121951219512,19851209
19860705,129,255060,15172,Confirmed Eruption,1,Observations: Reported,1986,7,5,1986,7,23,1986-07-05,1986-07-23,100000,19,5263.1578947368425,19860705
19861113,19,257040,15286,Confirmed Eruption,2,Observations: Reported,1986,11,13,1986,11,19,1986-11-13,1986-11-19,5000000,7,714285.7142857143,19861113
19880212,20,257040,15287,Confirmed Eruption,3,Observations: Reported,1988,2,12,1988,8,23,1988-02-12,1988-08-23,50000000,194,257731.95876288658,19880212
19890101,858,252120,15059,Confirmed Eruption,2,Observations: Reported,1989,1,1,1989,12,16,1989-01-01,1989-12-16,5000000,350,14285.714285714286,19890101
19890424,21,257040,15288,Confirmed Eruption,2,Observations: Reported,1989,4,24,1989,12,23,1989-04-24,1989-12-23,5000000,244,20491.803278688523,19890424
19890816,624,256010,15203,Confirmed Eruption,1,Observations: Reported,1989,8,16,1990,2,16,1989-08-16,1990-02-16,100000,185,540.5405405405405,19890816
19900916,22,257040,15289,Confirmed Eruption,2,Observations: Reported,1990,9,16,1991,7,16,1990-09-16,1991-07-16,5000000,304,16447.36842105263,19900916
19910504,130,255060,15173,Confirmed Eruption,2,Observations: Reported,1991,5,4,1991,9,16,1991-05-04,1991-09-16,5000000,136,36764.705882352944,19910504
19930112,859,252120,15060,Confirmed Eruption,2,Observations: Reported,1993,1,12,1993,1,31,1993-01-12,1993-01-31,5000000,20,250000.0,19930112
19931103,92,251050,14965,Confirmed Eruption,1,Observations: Reported,1993,11,3,1993,11,25,1993-11-03,1993-11-25,100000,23,4347.826086956522,19931103
19940419,860,252120,15061,Confirmed Eruption,1,Observations: Reported,1994,4,19,1994,6,16,1994-04-19,1994-06-16,100000,59,1694.915254237288,19940419
19940919,1205,252140,15096,Confirmed Eruption,4,Observations: Reported,1994,9,19,1995,4,16,1994-09-19,1995-04-16,500000000,210,2380952.380952381,19940919
19941216,13,257040,15290,Confirmed Eruption,1,Observations: Reported,1994,12,16,1994,12,16,1994-12-16,1994-12-16,100000,1,100000.0,19941216
19950302,11,257030,15236,Confirmed Eruption,2,Observations: Reported,1995,3,2,1995,3,3,1995-03-02,1995-03-03,5000000,2,2500000.0,19950302
19950702,625,256010,15204,Confirmed Eruption,1,Observations: Reported,1995,7,2,1995,7,2,1995-07-02,1995-07-02,100000,1,100000.0,19950702
19951128,1206,252140,15097,Confirmed Eruption,2,Observations: Reported,1995,11,28,2001,9,5,1995-11-28,2001-09-05,5000000,2109,2370.791844476055,19951128
19960218,327,258001,15356,Confirmed Eruption,1,Observations: Reported,1996,2,18,1996,2,22,1996-02-18,1996-02-22,100000,5,20000.0,19960218
19960616,14,257040,15295,Confirmed Eruption,1,Observations: Reported,1996,6,16,2005,8,16,1996-06-16,2005-08-16,100000,3349,29.859659599880562,19960616
19970116,131,255060,15174,Confirmed Eruption,1,Observations: Reported,1997,1,16,1997,1,17,1997-01-16,1997-01-17,100000,2,50000.0,19970116
19980716,35,257050,15316,Confirmed Eruption,3,Observations: Reported,1998,7,16,2000,4,25,1998-07-16,2000-04-25,50000000,650,76923.07692307692,19980716
19990201,49,257060,15330,Confirmed Eruption,1,Observations: Reported,1999,2,1,1999,2,1,1999-02-01,1999-02-01,100000,1,100000.0,19990201
19990216,123,255060,15176,Confirmed Eruption,1,Observations: Reported,1999,2,16,1999,5,16,1999-02-16,1999-05-16,100000,90,1111.111111111111,19990216
19990516,626,256010,15205,Confirmed Eruption,1,Observations: Reported,1999,5,16,1999,5,16,1999-05-16,1999-05-16,100000,1,100000.0,19990516
19991020,861,252120,15062,Confirmed Eruption,1,Observations: Reported,1999,10,20,1999,10,20,1999-10-20,1999-10-20,100000,1,100000.0,19991020
19991116,124,255060,15178,Confirmed Eruption,1,Observations: Reported,1999,11,16,2003,8,16,1999-11-16,2003-08-16,100000,1370,72.99270072992701,19991116
20000228,120,255020,15139,Confirmed Eruption,2,Observations: Reported,2000,2,28,2024,11,22,2000-02-28,2024-11-22,5000000,9035,553.4034311012729,20000228
20000229,627,256010,15206,Confirmed Eruption,1,Observations: Reported,2000,2,29,2001,5,8,2000-02-29,2001-05-08,100000,435,229.88505747126436,20000229
20000603,673,251020,14928,Confirmed Eruption,2,Observations: Reported,2000,6,3,2000,6,4,2000-06-03,2000-06-04,5000000,2,2500000.0,20000603
20000928,850,252120,15063,Confirmed Eruption,4,Observations: Reported,2000,9,28,2000,11,1,2000-09-28,2000-11-01,500000000,35,14285714.285714285,20000928
20010116,851,252120,15064,Confirmed Eruption,3,Observations: Reported,2001,1,16,2001,5,3,2001-01-16,2001-05-03,50000000,108,462962.962962963,20010116
20010608,36,257050,15317,Confirmed Eruption,3,Observations: Reported,2001,6,8,2001,6,19,2001-06-08,2001-06-19,50000000,12,4166666.6666666665,20010608
20010614,674,251020,14929,Confirmed Eruption,2,Observations: Reported,2001,6,14,2001,6,25,2001-06-14,2001-06-25,5000000,12,416666.6666666667,20010614
20010828,852,252120,15065,Confirmed Eruption,2,Observations: Reported,2001,8,28,2001,8,28,2001-08-28,2001-08-28,5000000,1,5000000.0,20010828
20020113,675,251020,14930,Confirmed Eruption,3,Observations: Reported,2002,1,13,2002,5,21,2002-01-13,2002-05-21,50000000,129,387596.8992248062,20020113
20020316,50,257060,15331,Confirmed Eruption,1,Observations: Reported,2002,3,16,2002,3,16,2002-03-16,2002-03-16,100000,1,100000.0,20020316
20020416,628,256010,15207,Uncertain Eruption,1,Observations: Reported,2002,4,16,2002,4,16,2002-04-16,2002-04-16,100000,1,100000.0,20020416
20020525,108,252010,14998,Confirmed Eruption,2,Observations: Reported,2002,5,25,2003,4,9,2002-05-25,2003-04-09,5000000,320,15625.0,20020525
20020802,95,251070,14975,Uncertain Eruption,2,unknown,2002,8,2,2002,8,2,2002-08-02,2002-08-02,5000000,1,5000000.0,20020802
20020803,838,252080,15027,Confirmed Eruption,3,Observations: Reported,2002,8,3,2003,3,26,2002-08-03,2003-03-26,50000000,236,211864.40677966102,20020803
20020822,853,252120,15066,Confirmed Eruption,2,Observations: Reported,2002,8,22,2002,11,3,2002-08-22,2002-11-03,5000000,74,67567.56756756757,20020822
20021006,1207,252140,15098,Confirmed Eruption,2,Observations: Reported,2002,10,6,2004,2,17,2002-10-06,2004-02-17,5000000,500,10000.0,20021006
20021031,676,251020,14931,Confirmed Eruption,2,Observations: Reported,2002,10,31,2002,10,31,2002-10-31,2002-10-31,5000000,1,5000000.0,20021031
20021116,629,256010,15208,Uncertain Eruption,1,unknown,2002,11,16,2002,11,16,2002-11-16,2002-11-16,100000,1,100000.0,20021116
20030414,854,252120,15071,Confirmed Eruption,2,Observations: Reported,2003,4,14,2003,10,10,2003-04-14,2003-10-10,5000000,180,27777.777777777777,20030414
20030517,677,251020,14932,Confirmed Eruption,1,Observations: Reported,2003,5,17,2003,5,23,2003-05-17,2003-05-23,100000,7,14285.714285714286,20030517
20030608,37,257050,15318,Confirmed Eruption,3,Observations: Reported,2003,6,8,2003,6,16,2003-06-08,2003-06-16,50000000,9,5555555.555555556,20030608
20031026,678,251020,14933,Confirmed Eruption,1,Observations: Reported,2003,10,26,2004,3,28,2003-10-26,2004-03-28,100000,155,645.1612903225806,20031026
20040120,98,252010,14999,Confirmed Eruption,2,Observations: Reported,2004,1,20,2004,1,27,2004-01-20,2004-01-27,5000000,8,625000.0,20040120
20040216,51,257060,15332,Confirmed Eruption,2,Observations: Reported,2004,2,16,2004,2,24,2004-02-16,2004-02-24,5000000,9,555555.5555555555,20040216
20040224,836,252080,15028,Uncertain Eruption,1,unknown,2004,2,24,2004,2,24,2004-02-24,2004-02-24,100000,1,100000.0,20040224
20040315,125,255060,15179,Confirmed Eruption,1,Observations: Reported,2004,3,15,2004,3,15,2004-03-15,2004-03-15,100000,1,100000.0,20040315
20040412,855,252120,15072,Confirmed Eruption,2,Observations: Reported,2004,4,12,2004,4,14,2004-04-12,2004-04-14,5000000,3,1666666.6666666667,20040412
20040916,38,257050,15319,Confirmed Eruption,2,Observations: Reported,2004,9,16,2004,9,16,2004-09-16,2004-09-16,5000000,1,5000000.0,20040916
20041024,669,251020,14934,Confirmed Eruption,4,Observations: Reported,2004,10,24,2009,12,12,2004-10-24,2009-12-12,500000000,1876,266524.52025586355,20041024
20041124,99,252010,15000,Confirmed Eruption,2,Observations: Reported,2004,11,24,2004,12,25,2004-11-24,2004-12-25,5000000,32,156250.0,20041124
20050125,1208,252140,15099,Confirmed Eruption,2,Observations: Reported,2005,1,25,2006,2,17,2005-01-25,2006-02-17,5000000,389,12853.470437017995,20050125
20050130,39,257050,15320,Confirmed Eruption,2,Observations: Reported,2005,1,30,2005,3,31,2005-01-30,2005-03-31,5000000,61,81967.2131147541,20050130
20050327,844,252120,15073,Confirmed Eruption,2,Observations: Reported,2005,3,27,2005,8,9,2005-03-27,2005-08-09,5000000,136,36764.705882352944,20050327
20050419,100,252010,15001,Confirmed Eruption,2,Observations: Reported,2005,4,19,2006,3,31,2005-04-19,2006-03-31,5000000,347,14409.22190201729,20050419
20051016,832,252070,15007,Confirmed Eruption,2,Observations: Reported,2005,10,16,2005,11,17,2005-10-16,2005-11-17,5000000,33,151515.15151515152,20051016
20051027,40,257050,15321,Confirmed Eruption,2,Observations: Reported,2005,10,27,2006,8,1,2005-10-27,2006-08-01,5000000,279,17921.14695340502,20051027
20051127,12,257030,15237,Confirmed Eruption,2,Observations: Reported,2005,11,27,2006,2,16,2005-11-27,2006-02-16,5000000,82,60975.60975609756,20051127
20060211,621,256010,15209,Confirmed Eruption,2,Observations: Reported,2006,2,11,2007,11,9,2006-02-11,2007-11-09,5000000,637,7849.293563579278,20060211
20060301,845,252120,15074,Confirmed Eruption,2,Observations: Reported,2006,3,1,2007,1,18,2006-03-01,2007-01-18,5000000,324,15432.098765432098,20060301
20060809,101,252010,15002,Confirmed Eruption,2,Observations: Reported,2006,8,9,2008,7,6,2006-08-09,2008-07-06,5000000,698,7163.323782234957,20060809
20060811,1209,252140,15100,Confirmed Eruption,4,Observations: Reported,2006,8,11,2010,1,31,2006-08-11,2010-01-31,500000000,1270,393700.7874015748,20060811
20061017,96,251070,14976,Confirmed Eruption,1,Observations: Reported,2006,10,17,2006,10,17,2006-10-17,2006-10-17,100000,1,100000.0,20061017
20061108,15,257040,15296,Confirmed Eruption,2,Observations: Reported,2006,11,8,2007,12,27,2006-11-08,2007-12-27,5000000,415,12048.192771084337,20061108
20070402,126,255060,15180,Confirmed Eruption,1,Observations: Reported,2007,4,2,2007,4,6,2007-04-02,2007-04-06,100000,5,20000.0,20070402
20070421,33,257050,15322,Confirmed Eruption,2,Observations: Reported,2007,4,21,2007,5,14,2007-04-21,2007-05-14,5000000,24,208333.33333333334,20070421
20070501,846,252120,15075,Confirmed Eruption,2,Observations: Reported,2007,5,1,2007,5,1,2007-05-01,2007-05-01,5000000,1,5000000.0,20070501
20070519,97,251070,14977,Confirmed Eruption,1,Observations: Reported,2007,5,19,2007,5,21,2007-05-19,2007-05-21,100000,3,33333.333333333336,20070519
20070828,837,252080,15029,Confirmed Eruption,1,Observations: Reported,2007,8,28,2007,8,28,2007-08-28,2007-08-28,100000,1,100000.0,20070828
20071225,847,252120,15076,Uncertain Eruption,1,unknown,2007,12,25,2007,12,25,2007-12-25,2007-12-25,100000,1,100000.0,20071225
20080224,34,257050,15323,Uncertain Eruption,2,unknown,2008,2,24,2008,2,24,2008-02-24,2008-02-24,5000000,1,5000000.0,20080224
20080311,833,252070,15008,Confirmed Eruption,1,Observations: Reported,2008,3,11,2008,3,13,2008-03-11,2008-03-13,100000,3,33333.333333333336,20080311
20080523,16,257040,15297,Confirmed Eruption,2,Observations: Reported,2008,5,23,2018,12,17,2008-05-23,2018-12-17,5000000,3861,1295.001295001295,20080523
20080713,834,252070,15009,Confirmed Eruption,2,Observations: Reported,2008,7,13,2008,10,4,2008-07-13,2008-10-04,5000000,84,59523.80952380953,20080713
20080919,622,256010,15210,Confirmed Eruption,1,Observations: Reported,2008,9,19,2008,11,29,2008-09-19,2008-11-29,100000,72,1388.888888888889,20080919
20090916,102,252010,15003,Confirmed Eruption,2,Observations: Reported,2009,9,16,2010,2,16,2009-09-16,2010-02-16,5000000,154,32467.532467532466,20090916
20090927,6,257020,15231,Confirmed Eruption,2,Observations: Reported,2009,9,27,2010,6,19,2009-09-27,2010-06-19,5000000,266,18796.992481203008,20090927
20100225,687,251030,14951,Uncertain Eruption,1,Observations: Reported,2010,2,25,2010,2,26,2010-02-25,2010-02-26,100000,2,50000.0,20100225
20100526,848,252120,15077,Confirmed Eruption,2,Observations: Reported,2010,5,26,2011,5,27,2010-05-26,2011-05-27,5000000,367,13623.978201634878,20100526
20100723,1210,252140,15101,Confirmed Eruption,1,Observations: Reported,2010,7,23,2010,7,25,2010-07-23,2010-07-25,100000,3,33333.333333333336,20100723
20100810,670,251020,14935,Confirmed Eruption,3,Observations: Reported,2010,8,10,2013,12,15,2010-08-10,2013-12-15,50000000,1224,40849.67320261438,20100810
20110329,1202,252140,20810,Confirmed Eruption,2,Observations: Reported,2011,3,29,2011,8,12,2011-03-29,2011-08-12,5000000,137,36496.3503649635,20110329
20110604,10,257030,20752,Confirmed Eruption,1,Observations: Reported,2011,6,4,2011,7,10,2011-06-04,2011-07-10,100000,37,2702.7027027027025,20110604
20110917,0,257020,20938,Confirmed Eruption,1,Observations: Reported,2011,9,17,2011,10,10,2011-09-17,2011-10-10,100000,24,4166.666666666667,20110917
20120201,680,251030,20778,Uncertain Eruption,3,Observations: Reported,2012,2,1,2012,2,1,2012-02-01,2012-02-01,50000000,1,50000000.0,20120201
20120503,835,252080,20805,Confirmed Eruption,2,Observations: Reported,2012,5,3,2012,7,11,2012-05-03,2012-07-11,5000000,70,71428.57142857143,20120503
20120507,842,252120,20833,Confirmed Eruption,1,Observations: Reported,2012,5,7,2012,5,31,2012-05-07,2012-05-31,100000,25,4000.0,20120507
20121106,868,252120,20834,Confirmed Eruption,1,Observations: Reported,2012,11,6,2012,12,11,2012-11-06,2012-12-11,100000,36,2777.777777777778,20121106
20121201,107,252010,20788,Confirmed Eruption,1,Observations: Reported,2012,12,1,2012,12,5,2012-12-01,2012-12-05,100000,5,20000.0,20121201
20130119,1203,252140,20811,Confirmed Eruption,2,Observations: Reported,2013,1,19,2014,3,11,2013-01-19,2014-03-11,5000000,417,11990.407673860911,20130119
20130129,681,251030,20779,Uncertain Eruption,3,Observations: Reported,2013,1,29,2013,3,15,2013-01-29,2013-03-15,50000000,46,1086956.5217391304,20130129
20130708,869,252120,20835,Confirmed Eruption,1,Observations: Reported,2013,7,8,2013,12,21,2013-07-08,2013-12-21,100000,167,598.8023952095808,20130708
20140129,122,255060,20920,Confirmed Eruption,1,Observations: Satellite (visual),2014,1,29,2014,1,29,2014-01-29,2014-01-29,100000,1,100000.0,20140129
20140326,682,251030,20910,Uncertain Eruption,1,Observations: Reported,2014,3,26,2014,3,27,2014-03-26,2014-03-27,100000,2,50000.0,20140326
20140629,672,251020,20956,Confirmed Eruption,4,Observations: Reported,2014,6,29,2018,1,10,2014-06-29,2018-01-10,500000000,1292,386996.9040247678,20140629
20140707,1204,252140,20957,Confirmed Eruption,3,Observations: Reported,2014,7,7,2014,9,18,2014-07-07,2014-09-18,50000000,74,675675.6756756756,20140707
20151022,103,252010,22123,Confirmed Eruption,2,Observations: Reported,2015,10,22,2024,12,8,2015-10-22,2024-12-08,5000000,3336,1498.8009592326139,20151022
20161011,849,252120,22171,Confirmed Eruption,1,Observations: Reported,2016,10,11,2016,11,18,2016-10-11,2016-11-18,100000,39,2564.102564102564,20161011
20170611,843,252120,22225,Confirmed Eruption,1,Observations: Reported,2017,6,11,2017,11,3,2017-06-11,2017-11-03,100000,146,684.931506849315,20170611
20170906,9,257030,22240,Confirmed Eruption,3,Observations: Reported,2017,9,6,2018,10,30,2017-09-06,2018-10-30,50000000,420,119047.61904761905,20170906
20171021,623,256010,22239,Confirmed Eruption,3,Observations: Reported,2017,10,21,2017,10,26,2017-10-21,2017-10-26,50000000,6,8333333.333333333,20171021
20180105,668,251002,22246,Confirmed Eruption,2,Observations: Reported,2018,1,5,2023,5,14,2018-01-05,2023-05-14,5000000,1956,2556.237218813906,20180105
20180510,671,251020,22578,Confirmed Eruption,4,Observations: Satellite (infrared),2018,5,10,2024,12,19,2018-05-10,2024-12-19,500000000,2416,206953.64238410597,20180510
20180608,839,252120,22285,Confirmed Eruption,1,Observations: Reported,2018,6,8,2018,6,8,2018-06-08,2018-06-08,100000,1,100000.0,20180608
20180921,840,252120,22286,Confirmed Eruption,2,Observations: Reported,2018,9,21,2018,10,12,2018-09-21,2018-10-12,5000000,22,227272.72727272726,20180921
20181208,620,256010,22313,Confirmed Eruption,2,Observations: Reported,2018,12,8,2024,12,11,2018-12-08,2024-12-11,5000000,2196,2276.8670309653917,20181208
20190626,841,252120,22319,Confirmed Eruption,4,Observations: Reported,2019,6,26,2019,10,5,2019-06-26,2019-10-05,500000000,102,4901960.784313725,20190626
